,,,bau,bau,bau,mass_media_uk,mass_media_uk,mass_media_uk,none,none,none,package_uk,package_uk,package_uk,reform_aus,reform_aus,reform_aus,reform_aus_50,reform_aus_50,reform_aus_50,reform_aus_70,reform_aus_70,reform_aus_70,reform_aus_90,reform_aus_90,reform_aus_90,reform_ausuk,reform_ausuk,reform_ausuk,reform_ausuk_50,reform_ausuk_50,reform_ausuk_50,reform_ausuk_70,reform_ausuk_70,reform_ausuk_70,reform_ausuk_90,reform_ausuk_90,reform_ausuk_90,reform_kcl_10,reform_kcl_10,reform_kcl_10,reform_kcl_all,reform_kcl_all,reform_kcl_all,reform_kcl_nacl,reform_kcl_nacl,reform_kcl_nacl,reform_uk,reform_uk,reform_uk,reform_uk_50,reform_uk_50,reform_uk_50,reform_uk_70,reform_uk_70,reform_uk_70,reform_uk_90,reform_uk_90,reform_uk_90,reform_who,reform_who,reform_who,reform_who_50,reform_who_50,reform_who_50,reform_who_70,reform_who_70,reform_who_70,reform_who_90,reform_who_90,reform_who_90
,,,2.5%,50%,97.5%,2.5%,50%,97.5%,2.5%,50%,97.5%,2.5%,50%,97.5%,2.5%,50%,97.5%,2.5%,50%,97.5%,2.5%,50%,97.5%,2.5%,50%,97.5%,2.5%,50%,97.5%,2.5%,50%,97.5%,2.5%,50%,97.5%,2.5%,50%,97.5%,2.5%,50%,97.5%,2.5%,50%,97.5%,2.5%,50%,97.5%,2.5%,50%,97.5%,2.5%,50%,97.5%,2.5%,50%,97.5%,2.5%,50%,97.5%,2.5%,50%,97.5%,2.5%,50%,97.5%,2.5%,50%,97.5%,2.5%,50%,97.5%
Year,Sex,strata,,,,,,,,,,,,,,,,,,,,,,,,,,,,,,,,,,,,,,,,,,,,,,,,,,,,,,,,,,,,,,,,,,,,,
2024 to 2034,All,All,4404075.320075731,4410204.433110304,4415976.074190595,4.379646509791247,8.708121371608017,16.128825842466732,0.0,0.0,0.0,27.811649778506087,39.74943114156271,55.71716388643548,41.751722601677294,59.322083619965284,84.81343949168789,20.924484263646278,29.56147485769518,42.01945751903961,28.73165321510057,41.383283690489094,59.1216187262784,37.19964326058925,53.34075015301269,75.90796229810714,62.60722046750602,86.33957472369272,119.43581370042727,31.447554587650203,43.51502433741439,59.842285611951695,43.65893232586326,60.87269569726851,84.39953964985345,56.41619911783093,78.13804354493112,107.73827281137022,27.453931238569147,39.151537497320504,55.607967517714506,544.4666606461263,781.420215639591,1085.8108481333547,46.14185094934718,65.0279187420326,93.65934386757631,90.27330300751734,129.76401482581343,185.87388983011974,45.54965838207489,65.13127805749295,93.61775308743688,63.12276986436205,91.14861097614262,128.03924100669107,80.95341998414504,116.54375063110204,164.87882490765128,153.1752025771401,220.8079483896497,307.7489723943292,77.21290605059288,111.32702532585657,156.7192150933773,108.23131037408113,155.53386059418432,217.66271112481692,137.64379007886936,198.2084312767886,278.58591394479487
2024 to 2034,All,SES1,820506.6589811268,822183.5385096552,823764.0130881082,1.2636617095070373,2.4870928148257088,4.649775129517248,0.0,0.0,0.0,8.060598639919395,11.460147412676232,15.982860307378248,11.833766054156186,16.796087417492295,24.05955802267827,5.944219665861618,8.379259002927169,11.87237274553411,8.185612799338731,11.739404296798806,16.68759019307566,10.517111270021324,15.073380983924817,21.43013636625329,17.71117537301403,24.275998390730752,33.52640214756121,8.903402807443289,12.215478958406818,16.867688339415253,12.37291609415887,17.0905968908152,23.70873362844642,15.860803577764466,21.90717654392954,30.071333088983536,7.7883500282695834,11.013283822943068,15.537608131393663,157.79475713631604,227.99747801593583,316.80412513116283,13.121575504527252,18.41577634327301,26.428483916800936,25.604637142252827,36.71130773149677,52.378193748227275,12.878844043399557,18.40855846406682,26.33895330476914,18.06518500607676,25.79297891085658,36.16037395204337,23.02259076159474,32.93085564681915,46.84637606336076,43.498270219025585,62.45564890086867,87.16823507954936,21.885342411451223,31.482047817626743,44.34135178487541,30.78394195531032,43.9616800798477,62.13936590798816,39.02817919117197,56.21383977409247,78.94132029202066
2024 to 2034,All,SES2,838287.1078317694,839681.5878285451,840995.076294737,0.9638981476546982,1.9128495125307448,3.539932899407283,0.0,0.0,0.0,6.146760180618878,8.759765798266136,12.250047922000565,9.170662062667612,12.978531951903562,18.478424790875543,4.590645406694558,6.4623093970893555,9.149719522613983,6.303180962132371,9.054679326473412,12.907112146448254,8.12156151496116,11.64620938407295,16.54394417735189,13.674202089113269,18.80157779774412,25.964360895831135,6.857836844037742,9.472026921243668,13.029044247848491,9.540710969913851,13.251894334373649,18.411856796454252,12.305654969266133,16.994866668567795,23.43103301160747,5.961710475138507,8.482824744221556,12.031926595968404,121.40084414807679,174.17122176340683,242.32002013985706,10.087782351568462,14.183077889593509,20.491580120806116,19.772110098999082,28.356896542084833,40.52538385197891,9.996679646360485,14.227228022739805,20.418809372552968,13.809830354294615,19.926288831877216,27.96166531500685,17.689223953728455,25.483957474687195,36.03887870183498,33.575902347424595,48.287113320694274,67.3891795994637,16.942542488200438,24.34364452261298,34.25786512439408,23.65350416105833,34.021642157497084,47.73234969798798,30.160531885388252,43.38419524529165,61.04285703224652
2024 to 2034,All,SES3,888260.3187747939,889461.5047044575,890592.3359163622,0.8601480149983354,1.7106669182891556,3.1691971287968994,0.0,0.0,0.0,5.402824221327041,7.7643725192688295,10.918817191337798,8.178105234754858,11.67628722573252,16.63850462952101,4.103973812377286,5.819370632325089,8.306380712817907,5.656041654145547,8.146896799747397,11.639770174112787,7.298203002511464,10.50248803441854,14.926573592412979,12.331016032765945,17.01894289803696,23.5736954858487,6.174863712904569,8.576568951660725,11.82092766385302,8.619915458757795,12.002489642177448,16.64610255677566,11.066207887522133,15.404164888935409,21.229202680177934,5.413943350531054,7.7357693744518805,11.003421412594795,106.84453171035277,153.59170397442023,213.56002345883246,9.070027449577129,12.785093576898909,18.408986323768648,17.738507166240307,25.5198208298993,36.592952795429,8.911989493081276,12.817013332617474,18.39072028373993,12.425817689477544,17.922396502945542,25.22929639014263,15.960875239911823,22.931462486900184,32.63918349106713,30.124528384015772,43.46620128092138,60.72965412229224,15.191271031538248,21.893290167272344,30.723111518978115,21.2617734443244,30.51513792460686,43.1092015259582,27.022099057747024,38.928602966120664,54.96035651231336
2024 to 2034,All,SES4,939702.1889542931,940724.1672391212,941685.8730527709,0.7242505510921318,1.4427959567228281,2.672954621450863,0.0,0.0,0.0,4.5048570796872225,6.500000457816871,9.144095619220755,6.950532001255204,9.903062531269692,14.07074171145548,3.466960815016784,4.930272053844223,7.026086748022215,4.772682610468387,6.8922148828532395,9.857066108944915,6.158036682231828,8.896581338231941,12.691613156490897,10.370578146202698,14.485087040582851,20.10698232210695,5.246028175008238,7.294900332203227,10.102745191293154,7.301095880816119,10.21591257291719,14.149762601749831,9.397425948246054,13.11221655648298,18.128366289183067,4.5922824680265295,6.606022294007885,9.40155447127102,87.75489212625924,126.51608670642682,175.10860682936212,7.698949369158595,10.851984368765805,15.71920404495255,15.0104817117594,21.619944828181687,31.009249766230276,7.512299567034122,10.869739963157562,15.599849045870348,10.441642317276676,15.177955903952853,21.42468252117394,13.448750802452484,19.443585521879825,27.505089559885658,25.515785457826695,36.79522535728175,51.37853632731197,12.803822465972033,18.52856018856495,26.123791223640993,17.992146330575977,25.838198062197016,36.502036821771284,22.806371417833795,33.03384286382992,46.470368879064665
2024 to 2034,All,SES5,917319.0455337473,918153.6348285254,918938.7758386168,0.5798546860868976,1.1603625026126538,2.1705314078683724,0.0,0.0,0.0,3.6313482845901306,5.223621712041879,7.379847932691653,5.593950176181632,7.99692680906046,11.359328052196537,2.7837438897429507,3.9906733855460796,5.715474869838711,3.8577271782572047,5.591062059681448,7.96688437884081,4.96124289763569,7.1961685740760775,10.28047932688731,8.38209303729411,11.780824396401176,16.41488099157054,4.222813379797937,5.921631538400602,8.207989546329863,5.859924094717011,8.286744252222757,11.556905422614676,7.568075760059473,10.635438311257742,14.74537456527542,3.700854086880308,5.334550209702165,7.6141143454120845,69.0470869717626,98.98124202138499,138.35998365233408,6.199329587499178,8.750330324718819,12.68096078758613,12.161594028243918,17.516607455100715,25.29176038400105,6.0563215780157265,8.823263421542645,12.660161031982021,8.415809256235562,12.313482262385254,17.456145211132032,10.802447939804392,15.776316336747733,22.375022202433463,20.499749328902052,29.72711955533547,41.97520625825127,10.259425961501277,14.97751537365378,21.24450451724167,14.484794315716096,20.92435767311064,29.71204779687464,18.368066905737116,26.701816711604184,37.66582810655069
2024 to 2034,Female,All,1763027.5306346628,1764779.560518885,1766428.1867167484,1.5218448185054614,2.9685225290485455,5.493624080740336,0.0,0.0,0.0,9.365105065007333,13.351620096143101,18.436278725311837,12.722199952198007,18.12276891708543,25.80457036907353,6.397282630604352,9.072842641470384,12.77350924967205,8.806335171865593,12.71213260749235,17.984176528408046,11.383983909230494,16.307458044171945,23.192300904460218,19.21378863735836,26.318234912697726,36.29186576179629,9.5079759818724,13.15745773730578,18.292474889176916,13.32033441021741,18.48733164036154,25.606508104569023,17.161880508452704,23.768670593496143,32.54058063430715,9.510913305348437,13.474963044484703,19.429456604585944,181.16034071633538,256.3923013053883,355.4334589297667,15.811510008479654,22.280092149140145,31.981935315192683,26.662641445549415,38.37427980321509,54.935910501675416,13.477648249401968,19.28414476655246,27.547043091348243,18.78783372707259,26.925245936625856,38.040684071979626,24.28288174572885,34.45466871911496,48.65148784227874,49.79790724612942,70.99050439029655,100.04600201682149,24.75150060501286,35.84167922123051,49.9690607599928,35.136341198075314,49.97367037744564,69.81611493842334,44.60459988776452,63.91488332631305,89.35268929849708
2024 to 2034,Female,SES1,333668.6701353848,334140.45576471626,334584.6351618971,0.46623246290921366,0.9103096053389885,1.6821037252059439,0.0,0.0,0.0,2.903799904568768,4.125566479965146,5.751349571939631,3.895332322573219,5.549299044637171,7.910240680730306,1.9532704487105421,2.770652841830255,3.916589420187921,2.708515823976021,3.8817686970076983,5.46910635816254,3.477687132588716,4.983992739176266,7.094720373495899,5.825531701942558,7.973278877454074,11.055107856238877,2.8953838733935617,3.9912408992565513,5.585930480829973,4.044299540547255,5.592453944960556,7.799712248764052,5.174733563772988,7.187604948241711,9.846425055149634,2.8627447834161672,4.063783869346842,5.873877899023291,58.127565480410496,83.19288517757604,116.26681542962602,4.832473005683133,6.800183763153372,9.73805039160944,8.193517963544814,11.708141022540577,16.776753787059665,4.108761601632468,5.884117795181194,8.3759775225546,5.748018999387537,8.202907693897895,11.640443667086025,7.413534478287047,10.515512649481172,14.79154197463252,15.269695735548343,21.587035162939245,30.493409738579334,7.574829202301026,10.885871144861117,15.25988467025771,10.64534876369205,15.226447932124891,21.314524385474243,13.62825312224259,19.51789719845197,27.36722833034624
2024 to 2034,Female,SES2,337079.29886482,337473.166144607,337843.8495975525,0.3346211521632296,0.6548440923237067,1.2084607434480605,0.0,0.0,0.0,2.0692065204924934,2.9546505932342804,4.074108455821257,2.8087372720508625,3.995893797514559,5.681574864492705,1.4084594538696755,1.999194333243417,2.809613552647385,1.9404059118845225,2.8040410266776377,3.960480806020805,2.5046809176976605,3.595481956244533,5.110914298169502,4.234095398968325,5.7809473083044445,7.9777574537183495,2.0960836952465907,2.89311822057788,4.0123765508733085,2.92675496320331,4.061424544946091,5.6282394293262135,3.778502827902393,5.222173766248897,7.137683385806442,2.081403112362229,2.9501357916992825,4.238061856667931,41.39530714349472,59.032388771583406,81.08813578712912,3.479234875577231,4.890392630004401,7.007935149089342,5.873367022420393,8.455472434155412,12.092486319747273,2.967440076365513,4.2480311129515,6.0627134990002505,4.151259382984514,5.929501296346336,8.348957233778428,5.349128244705184,7.590112038569952,10.696080402172225,10.960390677660074,15.636305450693426,22.000544349832747,5.463394984913256,7.885367098658829,10.994086493076749,7.776476962676132,11.005915547919066,15.381576286461387,9.816481825533362,14.087952013753158,19.634454142134388
2024 to 2034,Female,SES3,355633.9986637538,355977.77044071315,356301.2046902026,0.2984333930937031,0.5809361807582973,1.0787833721317732,0.0,0.0,0.0,1.8141056463481375,2.6002727397367225,3.617804917045773,2.4804926217516376,3.5531968211030973,5.082962570124189,1.2499394256993444,1.7780921140308232,2.5280200220096383,1.722207307915862,2.4917260715509038,3.5444525261611584,2.2199947024331155,3.19790430318505,4.5658043129324914,3.771809420386996,5.175546767091756,7.149881430324503,1.8618914935496382,2.5854317114743717,3.611183440157355,2.6104058750373027,3.635156812711856,5.061898044395377,3.3642887616442567,4.666178271397245,6.412175102153871,1.8688669111600982,2.6539087656805727,3.8456591250076317,35.4477477362872,50.55883166150461,70.2826842443319,3.0933218250477093,4.373657895405039,6.288808191944494,5.220645123327394,7.515073377655325,10.809279502554336,2.636318746336559,3.782461297580438,5.41549937138794,3.672610818372573,5.2793144380530705,7.516748815815758,4.753960269974055,6.761745109787892,9.588974619794357,9.746205037868194,13.947853292656838,19.723850367046047,4.838948338575702,7.027322708857717,9.82193450359089,6.885837588770161,9.80096412899157,13.757461150607528,8.697468778414411,12.532527584645253,17.618234866005384
2024 to 2034,Female,SES4,374419.9144104203,374717.222378566,374996.86817503476,0.24023819332843457,0.4699138934511409,0.8629915406851749,0.0,0.0,0.0,1.4612308820207387,2.0846392991352554,2.8984434372114194,2.0071118117828677,2.8749817240223767,4.094321482376933,1.0161571602152866,1.4400391996047475,2.0253211318054216,1.3886905041545141,2.012768384919918,2.862355834965275,1.8029211408845844,2.588166535401882,3.6693595308825353,3.0491944953501213,4.209052918169872,5.782462376414805,1.5110823145086176,2.1040948285735297,2.9189471177290867,2.1175572516601955,2.95815952575185,4.105922934467632,2.740986041273796,3.795802835947244,5.197153544028764,1.5300402279347471,2.1696366467042685,3.11860414664603,26.161419301362432,38.18871467468066,53.55227920884739,2.5127656398848477,3.550664652915782,5.093814412440514,4.230226810841107,6.090436659823126,8.756684778844235,2.126209710082854,3.0601972918155056,4.388373581335026,2.9719786689982968,4.2784187636444315,6.06140991739912,3.839434297365747,5.478767339191704,7.751629147080845,7.880538055659893,11.312620164609914,15.927042079260312,3.9202572633595016,5.695967298454615,7.970787074955264,5.575520158424401,7.945507378143392,11.14352390069454,7.031006950985394,10.161041285417305,14.262672167995168
2024 to 2034,Female,SES5,362225.648560284,362470.94579028257,362701.62909206137,0.17966735686994334,0.35398266070719187,0.645986988131974,0.0,0.0,0.0,1.0931766045495124,1.5669033324554111,2.170917827514271,1.5230486182212875,2.17213176021476,3.061875703035379,0.7674482978505719,1.0866301999119008,1.5206860874840409,1.0504665644944597,1.517393829536446,2.163990547235751,1.349374914892682,1.9515741558848465,2.7612653913686507,2.2939335231106983,3.1845733736204185,4.356901878642948,1.1377055831708693,1.5905605621149008,2.19673256003956,1.599621444734093,2.2313937253649505,3.098816060119739,2.0680556722811625,2.867268764455881,3.909701842180721,1.1540202821696421,1.6362644304401632,2.343047058322508,16.52932716945987,25.835356257334645,37.567078025078686,1.8818455978763933,2.6665088240958985,3.812501987516447,3.2182723090237553,4.590325654139056,6.591920186719252,1.6092572293319443,2.3068194160826536,3.306076863495729,2.244086404505215,3.228345132192777,4.5471056982393945,2.902887370474035,4.146745885945279,5.830751182153801,5.947872853483088,8.541974786618821,11.92519254901924,2.968876040415322,4.296548727729262,5.987604646060822,4.190076886234488,5.999130135262612,8.428311118497339,5.333211227192516,7.675754366821084,10.722212638298938
2024 to 2034,Male,All,2641047.789441068,2645424.872591419,2649547.887473847,2.8699967142876357,5.75198084455635,10.812738028973994,0.0,0.0,0.0,17.97666079571917,26.429350357587147,37.701539009236946,28.570786293409572,41.0237991375706,59.46954754894441,14.253367868578746,20.451855241983385,29.787398122208888,19.69381514346147,28.71669039722621,41.423079342305655,25.46221657076012,36.94254028987335,53.46045247231902,42.44618886726004,60.033926179187944,84.37527077541972,21.485617107341568,30.204143504960005,42.04004625171515,29.952498685755714,42.387648037293346,59.313545489986886,38.39823378463537,54.34632984303016,75.7013612160094,17.81720457165247,25.634299550408294,36.805595251340584,353.73822656964165,524.1564349839937,746.2159302888458,29.896262386222723,42.77261465504903,62.92237621375109,62.070929990597406,91.21290777538411,132.2053063760486,31.29385206753633,45.95102473565238,66.66307752427366,43.55350860179268,64.24958153743097,91.7371717247873,55.891631935894566,81.91152691353663,117.28062058123028,102.18931419445282,149.13979019096467,213.15273748112818,51.399718481685,75.19333153986867,108.09479312644667,71.03518305181639,105.12268219460881,151.10362744163237,90.95151801896483,134.08266760773552,192.71949943793044
2024 to 2034,Male,SES1,486837.98884574196,488043.0827449389,489179.37792621105,0.7895267183940048,1.5823618205967611,2.9587791306598143,0.0,0.0,0.0,5.010109675035776,7.327911578471056,10.488934552801751,7.835585628500799,11.256863046164952,16.173994188890582,3.919736135954602,5.601439194012194,8.07917756294483,5.383995043283324,7.856513461954505,11.285420265884374,6.984573683389115,10.097804084328935,14.557995544490709,11.675509760003388,16.282363798387593,22.809626577208213,5.884389784536752,8.201364815101176,11.438370713164966,8.197951805151614,11.508364312901433,16.096403504295186,10.446175382432545,14.722899439627213,20.480355547812202,4.803587057478255,6.916901427622118,9.837102827070648,98.44413308854604,144.8467234325684,205.80754927855295,8.170987216395194,11.623413178871692,17.047797368304327,16.999732268900345,24.94030989888734,36.06314939488944,8.638780930235539,12.534853440945145,18.103682956693667,11.984624335474347,17.577346258454366,24.928843387060635,15.386714187635238,22.404777040453283,32.19777670154667,27.80494581591799,40.80621351475593,57.86994292159643,14.112272194832341,20.605090296952312,29.44998120530251,19.497281200549715,28.661265529095203,41.06349256810355,24.949775257848508,36.595219489874964,52.385424044484715
2024 to 2034,Male,SES2,501207.80896694947,502208.4216839381,503151.2266971845,0.6286844815599806,1.2586138271321041,2.352915158592058,0.0,0.0,0.0,3.9730680071794526,5.815380091925392,8.269750449202435,6.263244621064967,8.94409302980987,12.920792995321104,3.1090670824215203,4.464017387136889,6.485407504616315,4.312433602119757,6.258357524247589,8.99396454090465,5.541102412415088,8.03312188673641,11.645136351906208,9.26079205632478,13.022969582948255,18.300957855723645,4.690000464952135,6.553454108474057,9.134679923246363,6.490764904758459,9.202360309491239,12.841597578294175,8.32175045266924,11.780103271931118,16.382204552563028,3.828245467193964,5.531973061219036,7.943087622933382,78.1813821612831,115.30664643313062,163.7347299018,6.5058139012711464,9.293876719123235,13.67926162743847,13.595980678616145,19.883723824953126,28.712201442402517,6.840493918172714,10.01807477490166,14.500728279533424,9.49672336162712,14.008243076008004,19.969379460886685,12.185069514626859,17.85599780277937,25.45411902290802,22.23360281378339,32.48704848123941,46.488383845980486,11.211002100006558,16.405693556814306,23.58212733274098,15.505731722933376,22.89051921085958,32.92658025297657,19.87274780716412,29.2373439674485,41.8764177955415
2024 to 2034,Male,SES3,532626.3201110401,533483.7342637442,534291.1312261596,0.5634642241624253,1.1324408937223276,2.124169306685393,0.0,0.0,0.0,3.524601252442781,5.169646874044089,7.379542374667063,5.630839106564408,8.09162741136297,11.745739806607958,2.8060670328453075,4.031682862516563,5.861960198926423,3.881065762139693,5.648589628954612,8.143382176272343,5.032972632419757,7.281398834066643,10.526926946302629,8.369273429199604,11.863612606511198,16.612057425135948,4.227290463991709,5.96648825792351,8.305093210340422,5.907474073709726,8.371094417941428,11.719786635486686,7.563259739597434,10.73323777550744,14.976262742101742,3.5215220003889045,5.068484491996539,7.299651685682733,69.54053401078512,102.91713799820863,146.61851138826233,5.891040518723269,8.438683518604815,12.390723158869541,12.218620747013976,17.948162291620076,26.077281001493777,6.155735559865091,9.050410078555371,13.102910491250068,8.55750125207238,12.65249306122466,18.050213263734136,11.025307990161693,16.152684953164115,23.116016226699237,20.088087059402948,29.37357208627573,42.032634850720186,10.103235817768901,14.827896388164081,21.28028933454141,14.037220103590855,20.700313996707777,29.842135486844487,17.9004083246952,26.426473989016195,38.03586618021887
2024 to 2034,Male,SES4,565282.274543873,566006.944860555,566689.0048777361,0.4834125530445191,0.9763405309209898,1.8272971138591543,0.0,0.0,0.0,2.9978160470478574,4.4187517147125295,6.319281908744683,4.848987009792996,6.972786337622228,10.133018050113016,2.406859657211976,3.473344460522906,5.081998123169674,3.3284470505229664,4.872346454714496,7.05845894175471,4.328639610855892,6.283448521118266,9.122788467976774,7.212215905564996,10.298740434145326,14.388468189516376,3.663022711878223,5.1794897384877085,7.215395411258446,5.084967164536467,7.2563062446568685,10.186794149780532,6.549042859679078,9.320439596277009,13.032372676528228,3.0751223638897516,4.432106591401171,6.411941223976562,59.37101336406456,87.94677268640643,125.863735643241,5.104592065830168,7.327435274179587,10.783844650278791,10.496392962378716,15.50099524436488,22.508807198883325,5.294162910753312,7.806666914311635,11.292887904747765,7.362278554520425,10.91196042940795,15.628156003029668,9.472283344430911,13.953325309929353,19.88427076459222,17.28727763213171,25.367675921195556,36.39236480050783,8.680671732904564,12.806499976510048,18.369988825038202,12.0807348337962,17.86123362428573,25.8811113923992,15.45198207033915,22.85204203784702,32.86033643860584
2024 to 2034,Male,SES5,555093.3969734634,555682.6890382429,556237.1467465555,0.40340244784387713,0.8124103633928963,1.5256056691685458,0.0,0.0,0.0,2.486481175124148,3.6625992216611056,5.2762239576690915,4.012311914574393,5.809838680412286,8.464268663553364,1.9954806217114953,2.8960785124360857,4.276160523578356,2.759260908269441,4.050605354633492,5.881745085136578,3.573132044161476,5.225985101546154,7.665287400026995,5.944681482888338,8.603845216940812,12.024606175432005,3.0261549845025573,4.327853656702593,6.061451712784224,4.194942031721122,6.055062194455571,8.55142500614297,5.40582032138779,7.793402142591775,10.920920765644658,2.5430781770813335,3.6938257949666324,5.354272095401861,49.364072735120274,72.9897470650022,105.00924173088531,4.2273247057211485,6.092732235635312,9.030290451464463,8.785238780059952,12.918070571383673,18.746612035298753,4.372104193775852,6.503634526301752,9.43377330748081,6.128381521803276,9.081862105896512,13.05477596002929,7.82941982485763,11.6452312710494,16.641213604937814,14.279101452237452,21.118306578888514,30.521185897428886,7.202006207432028,10.661617048291944,15.33900631851532,10.0225118040797,14.843670370832662,21.610952959013872,12.809038331086867,19.005976004466127,27.512721090299912
2024 to 2044,All,All,7593918.541567177,7606279.594894277,7617924.23367669,10.858146655494796,21.7918700869075,39.717466719442264,0.0,0.0,0.0,95.45184918749649,137.19637619360032,193.26861542899547,145.8671355111264,208.7999101692197,297.07084193158903,72.96677207189177,104.46843758881556,148.11621211132692,100.62509240080117,145.88336108609252,207.91199237826248,129.81841716033057,187.33350922328378,268.4985665751422,275.6517262217282,391.1738327565692,551.5330437293997,140.0161872302018,196.74690502546005,275.1941638133113,195.24893683464168,274.25956301347037,386.7019504527509,249.9348031162131,352.8476477898013,496.2208847129968,239.4423665670971,341.2804920466026,482.33404817115326,1494.503466984082,2184.1017030099997,3051.194144041908,190.576503923098,270.3648067035892,389.9896328391151,320.0021982838719,456.88205917217795,655.1773841942706,160.06732050343115,230.55990481507325,329.07046697534383,223.42225174630062,320.8468470232561,456.8822807422367,286.49143539668995,411.9796541631165,587.6709900128392,542.5490127490019,784.3817906639038,1094.31742710955,272.06372087018957,396.775350947111,558.8725611436448,384.4419982139188,552.1647577709718,780.2222446060391,490.8931659101949,706.6320038213735,996.217154501052
2024 to 2044,All,SES1,1427976.7596096257,1431364.562807181,1434559.2630630324,3.143903712498351,6.285157908963431,11.51203793270549,0.0,0.0,0.0,27.385657465951773,39.35481226726587,55.10973305946993,41.63827328274642,59.19849795460138,83.85916567143356,20.574839601578756,29.538577716534896,41.87889496623604,28.484835409464736,41.27785679719749,58.90007854928536,36.84405367502997,53.04157952562096,75.57590883663427,78.77713358266469,109.848625541765,154.18539998870682,39.72422180949018,55.276869339950736,77.03744211590043,55.47306446648634,77.23986390898315,109.15586848369463,70.83486842532449,99.1411412183416,138.86802388079485,67.90050706104839,96.19341694821746,135.6632308467149,434.875604850187,632.1748107716817,880.8353626994186,54.199497704701535,76.9157325840072,111.58103329488297,90.78568922282264,129.20983951448466,185.55886280171237,45.46369567519959,65.14399332306398,93.23679942004702,63.460083988007284,90.66527251434164,129.34169438896268,81.70436300108639,116.40403868482034,164.96290485062013,154.40296030560964,222.17379250266669,312.63580274248164,77.67054616848442,112.29226802519645,157.9710987829535,109.55746322658159,156.47924735643778,220.61523514910988,139.24778761593075,200.42898015732888,283.56462323543485
2024 to 2044,All,SES2,1447036.8313013653,1449844.550083361,1452490.3094471924,2.373805734559947,4.772307450926766,8.6986368184132,0.0,0.0,0.0,20.831946696503795,29.94230838918825,42.06534584516058,31.799327303263574,45.334126693216334,64.31622886958927,15.934988471631641,22.660709656894845,32.126717843335996,21.85089919253532,31.679030291512788,44.97867436765245,28.238970409453525,40.65398779191153,58.000094985063456,59.98457757813601,84.66643765992751,118.74093072160468,30.374475353975264,42.528923005718895,59.642131295452195,42.417496589616356,59.31650058815643,83.59777795422363,54.09386014696686,76.24957653692039,107.19743501612093,51.56433532424342,73.6835530703492,103.7781751167599,331.65428229806037,481.6393251138421,672.3802539701954,41.44912619522874,58.77762253946547,84.70292545581563,69.23678811603828,99.29195532315437,141.5056261214812,34.82661043007526,49.97785608279561,71.64835567439314,48.59865888646649,69.55853811010964,99.5493178540257,62.35529757178946,89.46510359295937,126.96265596567396,117.89771533302523,170.45824896752288,237.8322733938402,59.30051559434264,86.15105447540672,121.15236677387077,83.70378230320841,120.06032274277672,168.6559497347082,106.57690709134621,153.68839598563773,215.72320178053587
2024 to 2044,All,SES3,1531194.6207615675,1533622.7915778225,1535909.5573588712,2.129677371651965,4.2872285201487195,7.831455146152439,0.0,0.0,0.0,18.93377133226515,27.136938863381026,38.2229816692717,28.75045554974992,41.404411516523744,59.08976712497571,14.423391935828816,20.702931875667357,29.440218541222077,19.928300264006033,28.90220265276099,41.251859840002595,25.67545159429363,37.15595719268981,53.38074520119377,54.73671044009336,77.7665190298496,109.58000215869596,27.75784805471047,39.07707919314641,54.71132214342661,38.82130589724564,54.498443711847514,77.27119597525106,49.73109174628331,70.23672274189184,98.87191944138459,47.92517346087849,68.00081462805898,96.16495072185336,295.49364318394333,432.62058814469617,607.2414272293917,37.672651057781536,53.597303619066636,77.26423026449974,63.198006913688346,90.61559019080659,130.72525251255527,31.756350456855696,45.724192464333655,65.3615134385411,44.41648169665919,63.69611705362591,90.44659841739117,56.83576469950981,81.58081671864903,115.93621545446169,107.47683159429528,155.56922478201577,216.67333308499605,53.78152988315524,78.50835207793506,110.91334622330744,76.02556193379712,109.39407151851887,154.8365110700926,97.53118091476087,140.22285105519114,197.80780707266334
2024 to 2044,All,SES4,1615747.9750565079,1617825.1426694533,1619780.385127892,1.7925483490043361,3.6249679126287617,6.660847743179801,0.0,0.0,0.0,16.039489065229688,23.08783282825679,32.50987503943997,24.57898738443231,35.38481341652512,50.41340626358559,12.320700056416593,17.688006122103317,25.20504788899355,17.107458662203765,24.736269360433248,35.31209500314525,21.977272916094517,31.817565502560043,45.59775272105488,46.7493849518527,66.85126202581023,94.44558658147544,23.757004070756786,33.580673381699555,46.81411326128749,33.07640219298283,46.93425732254126,66.31985079921994,42.55497449971324,60.31155964585862,84.8786297971417,40.883777784255784,58.578936875590585,83.03049764507684,249.14133668828512,361.5498262446912,506.7654563845879,32.18061829346313,45.79682387004658,66.02020905808051,54.00773690485332,77.60465121399261,111.9440042230048,27.00289806242896,39.12812280576651,56.2361224703713,37.82986810633514,54.50151136750775,77.2173750335778,48.52184963194419,69.8423109380567,99.52989111250872,91.27397100424196,132.8589327112403,186.15217747461435,45.887069007301,67.09835694475458,95.19447065726789,64.76719994003322,93.3946256189119,132.63385425986021,82.51155430358139,119.82175375396298,170.0267426366201
2024 to 2044,All,SES5,1571962.3548381105,1573622.547756459,1575184.7186797026,1.392234496032825,2.826104203495743,5.18131969177512,0.0,0.0,0.0,12.302625846065737,17.83157648245853,25.205241505954756,19.021356540871043,27.469870478958,39.07502733635678,9.513910725692075,13.762380243294436,19.689813378573373,13.243552437805459,19.218891047860346,27.497254916732604,17.044829160122884,24.73340608413347,35.50464607424771,36.02033742262556,51.89892125491127,72.81270920598365,18.314077786699215,26.08499535012432,36.561010653144486,25.583364410727206,36.47153518394181,51.41906335377296,32.61734696222653,46.7902800450844,66.10936071914983,30.917229071872647,44.83965572205137,64.03484751825185,187.82321942658328,273.66266638155105,381.4075068401412,24.860571206826616,35.33788881870271,50.942426402401495,41.9278019216139,60.57836169150859,87.16737990933017,21.01705628129466,30.49984005492017,43.759789363064115,29.207524108085465,42.47531969849827,60.601686445815695,37.64696317560616,54.43140723393431,77.29654346864213,70.99684828998149,103.02016820407934,144.92448825198534,35.65014860749214,52.16088014468028,74.17679928300032,50.16658755490899,72.54018995405548,103.36902044196356,63.74465663299179,93.12254038848107,131.72779155755106
2024 to 2044,Female,All,3028576.772235218,3032090.8773636823,3035398.517280612,3.442953049436034,6.933234497450693,12.693181748044488,0.0,0.0,0.0,30.74537281435049,44.0283170420376,61.21129624301754,42.99273957634323,61.49924380198658,87.85789978248884,21.32855367618648,30.731600678552727,43.60559027417475,29.608422323513324,43.028298298698346,61.05782831369227,38.5516770018435,55.37068193566371,78.72224800843729,79.78187078012039,111.20538746771307,156.4560917832797,39.656034286041184,55.82767830239052,78.69890673409475,55.89069728186759,77.85106575244433,110.70134199266512,71.65860169006413,100.52663741367661,140.53293718837836,77.56749434530076,110.16280383666475,157.81048961397127,478.75110003255037,682.8084636204209,951.6463535240897,61.34000302756419,87.23487643920107,125.14855436358418,89.84515497693215,129.60651079336304,186.96125245446726,45.347040863779654,65.13154522365353,93.8108416897306,63.21694279130517,91.14055723448499,129.30074813854003,81.03248223024143,116.49705465059348,166.2666150047493,168.1284375952274,240.1132052885616,335.2782661525064,83.68412004195865,120.6451885230507,168.818339710492,117.46646880083715,168.6973914025143,235.50744043477093,150.3762817572972,216.4863026860302,300.27160427781433
2024 to 2044,Female,SES1,577957.6938714716,578908.6491793117,579804.2970250696,1.0685596509299944,2.1495272965312084,3.9235475397010973,0.0,0.0,0.0,9.48999271832419,13.567050415949282,19.027903019814726,13.285179037230707,18.835966722131893,26.833966693169057,6.589108439410126,9.421262450443272,13.365463070823857,9.136874141353909,13.16252767012094,18.749180194532173,11.817865581743659,16.946663744028186,24.04492720662035,24.436317315270628,33.94106219094289,47.49802528255779,12.138005387989137,17.00697315098259,23.837613184826914,16.993910089007464,23.716422679407856,33.74459099580996,21.8411506060542,30.625140157749687,42.81235639803418,23.71628434575233,33.49344652894645,48.359070803314,151.63702460962273,219.68388178879582,307.984115814539,18.83069838749317,26.75195575808599,38.334993875354044,27.640318434128154,39.62884826295837,56.63943999247232,13.880592254728727,19.896452356069613,28.608635761479277,19.417081558083275,27.883559187656797,39.46031405024582,24.871349496615814,35.59006456217455,50.900064902743686,51.17694434049162,73.20641545371568,102.63783306338071,25.696210188497364,36.875875818194935,51.62614173406,35.81325609090222,51.463701178271236,72.05960746583672,46.04509505407872,66.0368736748554,92.23882481837617
2024 to 2044,Female,SES2,579721.2103499116,580511.5777034463,581255.6491135716,0.75364248166565,1.519168964814659,2.777527347747085,0.0,0.0,0.0,6.728034464217525,9.625860104810506,13.362149365343369,9.396763503689805,13.424437215836726,19.1022590594288,4.670058303929288,6.713011148118504,9.513242948449962,6.483035069973725,9.391644976161192,13.308456193598827,8.411756191603583,12.077446698824005,17.125136309008866,17.40082096373393,24.228865272207475,34.03949699177588,8.642524701847865,12.14838958193608,17.080060375174703,12.146309547631509,16.963032386589422,24.04219031865635,15.634574601441136,21.924637590186986,30.61282709423387,16.889245122436073,23.910142648572,34.2376302037846,107.54008611119801,154.71699901195382,215.48448249131795,13.366514286807224,19.033547063849277,27.348084186618504,19.643418610238854,28.280379718495546,40.677346702610066,9.884948969424263,14.231213891228851,20.42908252392953,13.823405966899232,19.88027474856988,28.225796966309645,17.667108422359373,25.431996279813944,36.279121516126416,36.73159503481914,52.428786490272515,73.04036895658473,18.27125091957698,26.33368805815102,36.72215800580014,25.604184232070555,36.82959711035228,51.306424620018866,32.8876789374064,47.24305088634909,65.60773655377183
2024 to 2044,Female,SES3,611131.1173059109,611823.0599677821,612474.237506017,0.6810134506415577,1.3648041467834187,2.5006149780469356,0.0,0.0,0.0,6.042629893196004,8.704958886256424,12.16280679195822,8.494688535622092,12.171602076221488,17.555210598862043,4.219261141034893,6.0870946535921115,8.664586198486223,5.849015552798388,8.527256577788851,12.109755107299963,7.628121666062902,10.960721868910673,15.566315446451348,15.818770240046417,22.103316974031614,31.264599428356377,7.852962550157408,11.075444611974554,15.759978353870082,11.057562195171537,15.481861730041418,22.14525784453348,14.20341681850545,19.982494013157535,28.036012473338108,15.378803135434648,21.960242890329855,31.71831119896186,95.17442940714251,135.8856491976993,190.58794943435592,12.148013869427794,17.28858287186332,24.785946739479307,17.822986148254266,25.67461444765589,37.2632304100518,8.946516724124045,12.898519274790491,18.654295891223313,12.486061156566679,18.062583281909816,25.72945505599279,15.958297348351977,23.095329031029138,33.07653771360582,33.07617996676424,47.53830270938151,66.89424357483236,16.55995736476748,23.938721453847272,33.59752408190574,23.1236364369021,33.40930020735081,46.767506556974176,29.70046645935316,42.87720615433891,60.0417753030125
2024 to 2044,Female,SES4,641390.2783193215,641989.8123447539,642553.8520104841,0.5452541391860415,1.1001642599182941,2.0125519448284175,0.0,0.0,0.0,4.901685835835996,7.053430131888327,9.825594368020448,6.904824274788303,9.906576214187957,14.153208831968431,3.468368358513224,4.948561797984846,7.036061571219156,4.776530319820532,6.92543264504543,9.83082192365882,6.158616573625816,8.920268040764729,12.680704343803347,12.829338587245536,18.038856107601617,25.5561133344433,6.407132870511415,9.04087594389131,12.79618071899956,9.00495629098477,12.624420289685762,17.962602922643306,11.581805665998626,16.32332958020887,22.776215942766385,12.648869659931634,17.991637323124394,25.858814076705453,71.64318179567975,104.04978053193884,146.54728832883467,9.83505709772982,14.086206257342852,20.21223043311806,14.514411552113392,20.906790182159572,30.24734854982083,7.29683851802346,10.517641020236749,15.16871223732816,10.16959828381309,14.698483133600536,20.8902218470433,13.01744464697266,18.813615148031904,26.940478820361392,26.977742525217273,38.82725940312773,54.19290093115766,13.469771904747992,19.516913247925103,27.455292141500486,18.81065241429139,27.223340830829102,38.1916167126077,24.167006868737754,34.964589719005644,48.84386686707381
2024 to 2044,Female,SES5,618376.4723886028,618857.7781683885,619310.48162547,0.3977297033015201,0.8016745781173016,1.461802644494149,0.0,0.0,0.0,3.5210060844494326,5.075490454830362,7.077892630527643,4.949107274576798,7.1306521126698605,10.129221726397574,2.5089093226453825,3.5768707640129627,5.079334507073201,3.4322794087765693,4.9927264238098354,7.076141242878699,4.455000997820221,6.420730950607258,9.130373740553443,9.169727809099802,12.955566003610642,18.382840622801588,4.577587935826967,6.520476488003794,9.137605413437678,6.461499114593928,9.081849244908913,12.824431552517549,8.27990000670516,11.745103359429413,16.362502941169932,8.971223197414437,12.754872404716647,18.292923107747,43.6126627315642,68.15251424320817,99.4750633920083,7.032339129527234,10.121100734642074,14.46759216045734,10.45348070868852,15.08960539848094,21.694411793350994,5.24547898324218,7.57775731926432,10.90489154075002,7.33474148629019,10.607485848913086,15.012233110235634,9.352592217289487,13.57174954656045,19.370667701823088,19.37203624956587,28.065865407071264,39.27013471686716,9.765372089328311,14.11092135181022,19.787456719309404,13.586983888206657,19.660374338646974,27.60781392665496,17.43557297237868,25.289877755140164,35.27189126358725
2024 to 2044,Male,All,4565341.769331958,4574188.717530595,4582525.7163960785,7.325995678571911,14.891382177114938,27.488987004883526,0.0,0.0,0.0,63.248685372655146,93.3849633097193,133.85140241724778,101.92536299444487,146.76901049526296,211.3830255659226,51.157495144037796,73.67670375993555,106.13688058773023,70.82399937974297,102.76005054283664,147.472660999723,91.03366399474827,132.1884011501072,191.02892350206488,194.19525154216643,279.8237476308328,396.2219727294767,98.55943999654122,140.65891086582573,197.9110514967842,136.3930891862421,196.60069628407905,277.30517062650006,173.6006174820827,252.56210734741046,357.4611405253933,159.69878097656579,231.17934563515846,328.9430350492737,1007.7818226791576,1495.6106797706689,2123.837585749876,127.22468127186352,183.50042614857472,267.1749404002316,224.61843038733568,327.4860779651166,472.4610072779478,112.46082125669852,165.16526685780462,239.8876561067402,156.59761994782534,230.7393750026317,327.6163630955803,201.34301128961502,294.96214886131963,425.6996349133912,371.17668881567386,543.8480249205238,777.4148418642778,187.73513951652163,275.2198783138317,394.1263967240318,260.37234646399133,383.30981842980475,550.5909543428834,334.52639315603204,489.3634955782049,698.770694084634
2024 to 2044,Male,SES1,850019.065738154,852455.9136278694,854754.9660379624,2.0508599484782786,4.164786113775422,7.6933974429062015,0.0,0.0,0.0,17.5922466518716,25.76906971277377,36.77302049632345,28.052899514929678,40.1868058627469,57.53073540879781,14.004619968126395,20.161010059863766,28.95385810134937,19.42768308263623,28.132007089920613,40.448335410687974,25.120455525769295,36.14364017077855,51.97016772279946,53.25027517356142,76.04502875414167,107.46779878522052,26.96099846188508,38.23196848413349,53.97897580057664,37.39586862664562,53.51104233637534,75.07800832101482,47.70453209432428,68.46868999843866,97.27777578542606,43.39879043217178,62.661356021683716,88.5760991794367,276.2115936881844,411.84554471618753,586.1772355679282,35.07211360662692,50.32919738102129,73.02024219866136,61.82961796497618,89.4695689064694,129.27178776459908,31.046277799365697,45.09979412347378,65.44551345604226,43.29204146193865,62.93484085200602,90.19015784148502,55.504679625708114,80.76267458437582,116.0439146806995,101.93131505309199,149.27275412736026,212.86184126484807,51.537758569994374,75.25504519922532,107.43599713491622,71.44832688749293,104.72864906754798,150.04187974110783,91.79944338464877,134.16033770645492,192.02779977872785
2024 to 2044,Male,SES2,867315.6209514536,869332.972379915,871234.6603336208,1.6157005445742676,3.263309859935535,6.014466135274012,0.0,0.0,0.0,13.83504896428836,20.327465207895663,29.178108042048738,22.14584838097655,31.824362054345237,45.75953625886438,11.078182452449953,15.94557235557457,23.020845837796706,15.346527165563844,22.242151537891985,31.941259447797478,19.78742080578445,28.600105082232368,41.285694056634334,42.12812719809648,60.331301978232986,85.70098329236335,21.244593372611014,30.333732674347807,42.90385701539758,29.45702177227078,42.49644788971446,59.71848767357511,37.584999938826584,54.412021503624814,76.97204604027843,34.33689745212024,49.79044568715847,70.91358275474667,219.05953139078557,325.9624731757032,463.1519810215277,27.669130564167233,39.81845721884793,57.695010266038366,48.80609349874847,70.96033186072864,102.29214416199649,24.508838538211606,35.774196964786135,51.71387658027438,34.143244405405845,49.89612852391638,71.51976543755511,43.73597195840958,63.84328012828696,91.96387694870639,80.54707019772151,118.07529662699697,168.71957486446837,40.71851615358076,59.55971464723175,84.9889688126907,56.55974078070765,82.98052679354097,119.12463201405261,72.75246594499775,106.06302012205745,151.65367760896672
2024 to 2044,Male,SES3,920063.5034556565,921799.7316100406,923435.3198528544,1.4329477055388025,2.9256603354951998,5.427598220769512,0.0,0.0,0.0,12.493685341475274,18.443756789411623,26.336938199003466,20.23661938995912,29.07724359865806,42.00670109855398,10.084488759518324,14.599901872307342,21.072714056600155,14.054528671816978,20.369730111251144,29.290162688346115,18.062733849542877,26.209501839782092,37.877841173484526,38.518055961775524,55.662350442571295,78.74812764456657,19.522284585260305,27.988924869041014,39.18240518693531,27.115914742246773,39.10327429560502,55.1683041534303,34.69923621857318,50.232873238630404,71.28395765388369,31.758952398423347,46.13828822228282,65.55310680608044,199.58971287164925,295.83484577043555,420.69330973998586,25.296684476420918,36.408953887266165,52.77533962418825,44.46146487739416,64.91792195001359,93.87365062604754,22.31372716484661,32.74709786952015,47.7407407241633,31.06502714515338,45.7280097184618,65.43607178892476,39.953234054629526,58.527878789135684,84.32258092072232,73.44322624169095,107.91507012075064,153.90103736532632,37.187950836909444,54.52467792149829,78.285678499253,51.76579322106441,76.07585626130907,109.06413536625148,66.3419656242377,97.16043965531878,138.60643748135962
2024 to 2044,Male,SES4,974357.6967371863,975835.3303246993,977226.533117408,1.240590676506666,2.52149069293549,4.670538838002941,0.0,0.0,0.0,10.839701566050332,16.01375087047937,22.921399507058343,17.573016183217675,25.362673574278308,36.63074355927783,8.751325741123848,12.737073280671499,18.423047901059164,12.183282965541256,17.771932234198566,25.614991291264985,15.71832597024082,22.918864509380178,33.23417309707441,33.525676146028545,48.73945893199165,69.12507091235989,17.09049279791394,24.533770898182972,34.66708725688391,23.496411745349235,34.279725808402816,48.28619485968592,30.187402803203167,43.9707991638159,62.55286932267987,27.866644906000708,40.563583019112166,57.85363595561664,172.7043150541636,256.6253296482654,367.140732490544,21.986724654826588,31.751222505197738,46.204112131866665,38.747819636399655,56.64726532187056,82.33325650808428,19.42513839189916,28.56583342012746,41.48764130154144,26.898410490089713,39.838018686116556,57.213645217404036,34.762676099362224,51.10745727961282,73.6991502445676,63.9101685535002,94.13397946197183,134.54544346976016,32.36059699661242,47.52168389991684,68.77527823742743,45.0734098061786,66.2914705778677,95.32847443252626,57.694832978043095,84.8356679453116,121.16204409245555
2024 to 2044,Male,SES5,953585.8824495076,954764.7695880707,955874.2370542326,0.9917095086875687,2.0271135208226356,3.721330384380222,0.0,0.0,0.0,8.57586913362978,12.742050702314693,18.343515330346037,13.939310855566285,20.300519731161494,29.407072040272407,7.008829046985421,10.162468862362674,14.848210508550105,9.702033851637236,14.169711558570619,20.545695440930853,12.507087362716273,18.28222961712665,26.81703041099263,26.665096458486097,38.923240589031664,54.94483910203922,13.422206496392219,19.506805087543462,27.68260976502895,18.68935549500782,27.28888999257242,38.72714767307383,23.950450593126874,35.06493322806889,49.645226183097414,21.818075137896592,32.03651434616151,45.97245312837749,137.60720691069525,205.589460717689,294.6358921981982,17.426568560325787,25.304331690381893,36.92734259693056,30.941572719652807,45.32280633293537,66.25983586800405,15.467558788283952,22.84211554295984,33.16424191160225,21.497997410900386,31.87383743835876,46.03901743617625,27.713217221299022,40.93270625518254,59.06653027191906,51.072363470968575,75.00195732178864,108.39493846411938,25.88304572775486,37.95447178125599,54.8423837834383,35.73764477599154,52.8863050799704,77.11120064263004,45.79617629130206,67.73867238907359,98.1154179698373
2034 to 2044,All,All,3189843.2214914453,3196075.161783973,3201948.159486095,6.400685205771153,13.025930124468903,23.82659973114794,0.0,0.0,0.0,67.72774106789447,97.56764898282009,137.80030276108894,103.34062223026953,148.97367624566255,212.74799148035683,52.07909857859472,74.82821463608309,106.83520102109256,71.83980780247092,104.45129751061512,148.36606986996202,92.57428435172847,134.10962784932178,191.43275333926368,213.4104802671301,304.68738533539806,429.5501064902239,107.71745894717094,152.7236473813686,217.17593073622052,150.07716798711547,213.53764821892895,304.2608572215371,193.55264012167416,274.04850746927923,391.1101686970815,211.94305573182322,302.42966378591115,427.244671922454,950.5257052623232,1395.7931277290209,1959.7725393472094,144.06571774753164,205.51400209670538,297.65748724747937,228.48076689250385,327.35837063481347,472.53613486067115,114.22409270076325,164.95077801253063,235.993245378862,160.19164953023264,230.04083618731755,328.5617303438841,205.44177982031047,295.07796566900856,420.48339657761704,389.0786738401179,564.2225975056475,790.7856513377504,195.72343808160994,284.8209805445704,402.15489205108696,274.84828693403574,398.02862910373796,560.1599672167389,351.84384462802683,508.88497582376795,716.1530388017809
2034 to 2044,All,SES1,607470.1006284988,609181.0242975259,610795.2499749238,1.87244453556595,3.789595276157324,6.880762177928211,0.0,0.0,0.0,19.29806022396145,27.821390571855183,39.15337242451716,29.593545341367008,42.39755735486767,60.039351414595664,14.75822270656426,21.176856341866106,30.061380187800744,20.454783670508313,29.62375726379124,42.10411380528276,26.380173546568177,37.93677762466589,54.37598395988184,60.48625124871867,85.60010343548274,120.7607739705306,30.54035626430753,43.06567862719319,60.60316494663961,42.538301160523396,60.09773965432028,85.24538921026394,54.64532819065713,77.3003422291284,109.31053505191743,60.05791310209545,85.23501790453135,120.29262151273097,274.29473825265103,403.36625714799123,566.6477234961008,41.152269930343316,58.62261500764214,84.7661188040824,64.81854511892374,92.62507520861737,133.04801879814107,32.57928215430632,46.66663557016088,66.79740011877412,45.632742210565794,65.00827708157058,92.78694519548402,58.382805558780916,83.27970373787522,118.76832986209915,110.6137429260843,159.97686953008937,224.13460907699272,55.41104650908008,80.73063725880871,113.67521552338758,78.00041655167809,112.82676230140318,158.6475967669496,100.08546544471805,144.32904271917238,203.27451850203346
2034 to 2044,All,SES2,608749.7234695958,610162.962254816,611495.2331524552,1.4005256751722166,2.8540506204812006,5.183436813965882,0.0,0.0,0.0,14.674077822941506,21.16001974644513,29.801577115020294,22.39905079978468,32.24615229792164,45.91447016771963,11.33263792194634,16.209255939585372,23.04238032705895,15.585078716544118,22.63635563619601,32.00057446422762,20.1613197557051,29.001257069068455,41.37352905619657,46.135079997758886,65.86224658891803,92.82032167750653,23.303431581388285,32.9963590287589,46.84437645714628,32.50438001972896,46.15641004948657,65.41004878702176,41.67775952691561,59.23343580057106,84.34626120338407,45.58196971787751,65.31824525107396,92.20528814163178,207.69141564771056,306.1189147919881,428.9154375300228,31.30416165741223,44.622219859763135,64.73048480295091,49.47613459982098,70.91964386444646,101.79848479915644,24.82341075454424,35.70234466724749,50.99069994719968,34.68981080800477,49.74429354390557,71.31152070057148,44.48631143211907,63.82667815592107,90.65200136832392,84.14114332866107,122.25432648424237,171.28166383073952,42.533288383658345,61.8015834987397,87.06101685830397,59.678264090941,86.2086108523782,121.12131717780625,76.32659300206242,110.21037547293085,154.60888562832423
2034 to 2044,All,SES3,642934.3019867736,644161.2868733653,645317.2214425092,1.2582414370004225,2.5561894640122205,4.708829482990836,0.0,0.0,0.0,13.432746650978887,19.375808075705027,27.3500173615605,20.572437097257087,29.618059004236763,42.45793719062371,10.30951336964152,14.851191305019604,21.263679416196293,14.25767654630062,20.74889237560468,29.58915038806428,18.321887900458574,26.658503710718662,38.14723559584052,42.44156877086539,60.62798249165828,85.92850570038385,21.44785327519875,30.438429247069738,43.06753086453664,29.826373935341426,42.54549648193671,60.67670910750754,38.364376232037706,54.67277707516697,78.1815947046194,42.24027125094151,60.2847033684659,85.51427417387575,188.8242635914586,278.27734484445966,391.85849983813455,28.531235977671436,40.80768223660748,59.0339897793037,45.06763084678652,65.11067247364035,93.81290081835895,22.562124314457076,32.85942490855889,47.083779149728336,31.87416886283269,45.73445512347389,65.197371646414,40.91868476545522,58.6655437197099,83.85680107206076,77.3484934248105,112.30818275228751,157.31963109072439,38.72410963496855,56.51252672820833,79.94620512644673,54.56292061109166,79.02242086771733,111.75669590384409,69.81673526928229,101.22716529480752,142.67368236645058
2034 to 2044,All,SES4,676045.7861022144,677100.9754303324,678094.5120751212,1.063151931028618,2.1614958251099825,3.9990469561247246,0.0,0.0,0.0,11.482160039987091,16.562536817875117,23.414759938848434,17.6900203030677,25.47218372243718,36.4084645949149,8.851791384618199,12.751849367064711,18.323212947153642,12.22884286583062,17.803208823120332,25.329945403577366,15.74320056855696,22.871383354257254,32.98261693234801,36.38947835419045,52.34052066846057,73.95038516131456,18.42546559988516,26.250697101653614,37.2431734196348,25.580398329789524,36.70746910555769,51.93213936382591,32.77733100195176,47.08922343254831,66.83443285574927,36.17180768528915,51.975738662524,73.4839229850116,160.43395664125586,234.5145323085421,329.69234379259314,24.45178579197721,34.998750927982556,50.366020774898026,38.71819609962578,56.090528057308575,80.64950635077781,19.518938743018463,28.21326102495868,40.447665808839936,27.367393254205933,39.33980132086232,55.86659924317284,35.0988210148116,50.43899698483452,72.1772028322659,65.99246623723121,96.18650426931976,135.3164103819528,33.1893155180892,48.56918206967018,68.79426185585471,46.680694404266355,67.85139402804259,95.72705099096031,59.78076647989101,86.83768751108954,122.86639552430636
2034 to 2044,All,SES5,654643.3093043632,655468.9129279337,656245.9428410855,0.8109585848255174,1.6505078740993402,3.037894771845925,0.0,0.0,0.0,8.650666307187716,12.570569638735911,17.84755566771977,13.423061828881107,19.486458122463887,27.818228288568335,6.747188695772098,9.757382056781205,14.075568272186274,9.36416980633548,13.616291665063795,19.48780259283461,12.129135072774625,17.481249477739517,25.286339901363494,27.73883790294422,40.1398536559886,56.89166010323707,14.024543590759588,20.11732169118372,28.57143030366662,19.410302888554558,28.16678469166542,39.928328405398446,25.03488359623662,36.09723782815729,51.313602550388794,27.23828519379604,39.46062355435437,56.51147450395503,119.78097569702307,174.22224056119342,245.68820054221783,18.598283073826664,26.607892432287276,38.12515471436036,29.61677171243327,43.034342865873896,62.15561978710414,14.894894390851276,21.643497573628995,31.141211423944235,20.77672969555764,30.18872152493012,42.91803477682689,26.73172953180585,38.704004886980535,55.34745547515656,50.12544523356944,73.46591826186916,103.6719684265473,25.365307451000596,37.11935629668431,52.78674557666515,35.58727325322265,51.75114882757374,73.59340250437852,45.374617653725664,66.33978928209444,94.11419313541472
2034 to 2044,Female,All,1265549.2416005556,1267311.3168447972,1268970.3305638637,1.9420265296575616,3.966836716349483,7.283750566177049,0.0,0.0,0.0,21.31816957260649,30.654114262569912,42.930779342928325,30.14731155923811,43.314024013071936,61.8186676517785,15.048647522294248,21.67451001027912,31.0327455488048,20.77396966448572,30.277149706872283,43.19377955696034,27.097423175013535,39.057139518153534,55.676642352761014,60.13862614372471,85.064000870443,120.98035522674121,30.06225945110795,42.69234417953584,60.54661077821601,42.05599413332121,59.46740198670497,85.19340253220355,54.3893790399018,76.79327939911965,108.118174237249,68.03466369855671,96.64066764110683,138.7886077351792,294.29585820091063,426.03147317908156,593.4769160377001,45.384731418114285,64.91785513212808,93.4570314931474,63.4418532382828,91.22273878338954,131.5737355781459,31.709538557861656,45.80368543736651,65.99887087054603,44.346977907797346,64.02699055274472,91.55052825282908,56.58704981109029,82.0058897130894,117.40590298765814,117.1624381751632,168.73295150672973,235.4271333664717,58.91587931912991,85.0551614691479,119.13873341041881,82.19081246552635,118.7082244859763,166.77369682263372,106.06400025962571,152.23119263009744,213.14207808093943
2034 to 2044,Female,SES1,244289.02373608676,244768.19341459536,245219.66186317254,0.6132946006847672,1.2352913192486765,2.266442815241708,0.0,0.0,0.0,6.553406160730177,9.432440408681558,13.22850485307661,9.248247875275283,13.25350738937437,18.889667394057955,4.628287851381755,6.645656328999307,9.476326950063369,6.436031030205821,9.282714602977267,13.203343231670766,8.330946389992759,11.960204888667352,17.111245838284837,18.4331746442815,25.94797575102608,36.878972277131886,9.1754631928377,13.040916864831175,18.39697716085007,12.86069682398739,18.181588124713393,25.97876767811187,16.5998331391168,23.410808505569644,33.01423832721446,20.772026571816003,29.46483573677576,42.37664698865325,93.70151278352755,136.47897711620587,193.1594665581615,13.985750435406706,19.92740458183698,28.728658243489573,19.471278143299404,27.964297450256957,40.01545754852085,9.781577089834066,14.017028347345157,20.105834931028166,13.66372801847351,19.594645677671583,28.010291084529218,17.44990962438929,25.107696938497288,35.963715911517035,35.84021264309446,51.512268552042876,72.03673254162577,18.0027459368935,25.973369219772437,36.373287262108924,25.130464444703854,36.25940903586246,50.90578956098747,32.24001130863966,46.53539148098264,65.33026304629155
2034 to 2044,Female,SES2,242641.91148509164,243038.4115588392,243411.79951601906,0.4217374532850161,0.8654338190105163,1.5959319721339489,0.0,0.0,0.0,4.636330519040018,6.664790377105238,9.298834268859599,6.573005338984675,9.42252824526268,13.397382962136614,3.2725454803889766,4.719908369850252,6.7363939514868205,4.515158039956482,6.58300265306282,9.375232946377274,5.880512495156727,8.483486690146556,12.112187789774927,13.042639978005901,18.484148542940495,26.26481165052659,6.523313423739381,9.265566376760031,13.127478908011605,9.1472773372717,12.923866517294822,18.452704100558385,11.781979935941798,16.68505228644637,23.40117463627774,14.788851023749807,20.97017377616613,30.058891905466865,65.85020205035454,95.63371389913142,134.5777889390103,9.872110076982453,14.113107880791727,20.337039109064012,13.762807024731949,19.839965302009865,28.584490727621745,6.889027967706684,9.9736401978701,14.349134167146982,9.665114208040468,13.930373034619809,19.88517243220426,12.363218330896377,17.81900345838239,25.468247877242845,25.47150501031266,36.68635956431906,51.33866158459155,12.781215080061866,18.472634646092946,25.812511815356494,17.823586033189418,25.844880802927484,36.18342652251692,23.07557599000972,33.11350836907138,46.38161542169602
2034 to 2044,Female,SES3,255497.1186421573,255845.2895270689,256173.03281581428,0.38418834171777044,0.7807494530093204,1.4410372866579464,0.0,0.0,0.0,4.246052404603207,6.095064037279229,8.551434800686433,5.967920369044812,8.608981044292452,12.412092270540532,2.975621175888699,4.311608389150866,6.20706163895293,4.114498185953138,6.023452143066677,8.641159347953602,5.357513014726562,7.7694536609909095,11.128457132445364,11.97328224458784,16.955453534351907,24.282852354243165,5.9561744891578865,8.495683281714516,12.16278777724116,8.337843731301776,11.867810532267686,17.036944735829017,10.797923900639052,15.321118165583062,21.68139825115607,13.526240770405078,19.313233785598474,27.869667056664003,59.179503057839476,85.43652168003581,120.33863611848724,9.021188456785312,12.898782535436435,18.613375737644233,12.563563731578867,18.138601957066243,26.32455708775092,6.309687100953611,9.123299195275328,13.189339950771979,8.794465152394581,12.747182493839944,18.299555214314182,11.20003412199932,16.336204610082945,23.497456253591665,23.15502962892419,33.60414267404137,47.33242464944021,11.689030571161538,16.935646408202345,23.804332859317995,16.24050662722046,23.66268569632116,33.189881396257825,20.991877226980307,30.30192842875976,42.783995877584275
2034 to 2044,Female,SES4,266970.3639089011,267272.58996618784,267556.98383544927,0.3075243149021001,0.6322122362430971,1.1518026493437994,0.0,0.0,0.0,3.44033095068754,4.961906996334193,6.950416086234247,4.857415250709037,7.018974869936223,10.057521549034732,2.435094497093003,3.5180518894901573,5.025124900114782,3.3504625372015617,4.906161075116604,6.989502949375973,4.3630548035624335,6.322046705645514,9.01828951876943,9.758163906890648,13.864250380401046,19.75454011077441,4.860800231171894,6.944548343764647,9.87496316451102,6.82611885529107,9.68773670045476,13.889540953604948,8.800982387663819,12.526643198816188,17.662149143032288,11.102562632991907,15.826687196767786,22.721942438390418,44.94282591334388,65.95507616027984,92.96605890401844,7.295087155941374,10.525433069373488,15.102432571212681,10.289252617801049,14.800462032230135,21.41966275339314,5.15111984962861,7.436569999713122,10.742980319812325,7.222213165895229,10.403120000605231,14.900266960419302,9.165072971591545,13.357354473324762,19.090050522440176,19.05995718752359,27.523991687886394,38.42276071715419,9.510147807585946,13.84655722666908,19.468259208383735,13.294464442275777,19.31243347139153,27.128721430053734,17.04742079344615,24.801583435837088,34.818557995462605
2034 to 2044,Female,SES5,256150.8238283189,256386.8323781059,256608.8525334086,0.21799328026556347,0.4473020056616558,0.8225376500268415,0.0,0.0,0.0,2.419890043507398,3.512563388997829,4.89037283418051,3.4269302894669087,4.962175116585943,7.052159487112766,1.731179528359109,2.493406731221275,3.536236047945938,2.371549242266523,3.478348312803605,4.93439259562047,3.0788583845217996,4.471474020360931,6.378234909202434,6.877817019118534,9.789127190687184,13.96844313136233,3.431117927658664,4.92301844481989,6.984638042236732,4.800486301492948,6.8589140491656915,9.797524509461562,6.173148502540809,8.839892776209801,12.467769083369385,7.803573136632915,11.119090729661284,15.9592584733897,27.192348662629637,42.37787981118044,61.7381693930269,5.166492114069699,7.439226181060214,10.619372389094101,7.223817322639369,10.478462295476618,15.102093696476878,3.639966380804826,5.269736947096725,7.596290933382858,5.0769302037383985,7.375982299359679,10.50449425577701,6.474892339852307,9.45397721709513,13.45362842389662,13.470149679284884,19.517026772217456,27.35113493424005,6.787685334883936,9.815266307222036,13.763225715149598,9.429600094356342,13.717135301262832,19.29425502191971,12.07820293348191,17.592429638931208,24.618630820482196
2034 to 2044,Male,All,1924293.97989089,1928763.8449391758,1932977.828922231,4.448978867794065,9.074894608749899,16.747923037098527,0.0,0.0,0.0,45.47468084363887,67.0019100709955,95.8315139743158,73.33757631889132,105.63386021447752,152.6052704139454,36.65244505944086,53.001457520243804,76.53926136291085,51.0471206048274,73.95909016566114,106.75227270905694,65.72995678659373,95.04339510752064,137.56658958089324,151.3680556905792,219.66861249373585,312.74861529897356,76.39760259672357,110.32147831380223,156.54928833304405,106.17543781206156,154.50112278712243,219.05112782704546,135.34483698535206,197.83540356794776,283.97798380830915,141.69422400296168,205.44574834540535,293.23393458293026,652.3140078361661,968.6381672227712,1372.3262465773616,97.93790985530252,140.741801277428,205.72815136128656,161.71209134390074,235.96918766809551,341.79839214019705,81.43685429798246,119.07785824880796,172.6037807057205,113.34187321989994,166.18843525993861,239.20544717644523,145.75383010465274,213.09081016060392,307.8726348719244,267.90572187882526,394.7672687529256,563.6152242637687,135.52129668799913,199.53219511840993,285.7122511848062,188.89563064297317,277.38109170299333,399.9490137418933,243.29380495805682,354.9782986541523,510.33318599503644
2034 to 2044,Male,SES1,363181.076892412,364412.83088293055,365575.5881117512,1.2574626863876006,2.556542021471234,4.725144264046638,0.0,0.0,0.0,12.57946705196177,18.44335238387309,26.367969476433725,20.143864215699566,28.913799067761524,41.65564997723826,10.067948917575398,14.535464034926578,21.07336648342419,14.012451605912934,20.288666237696802,29.1921136791506,18.06093630149329,25.988226740461776,37.52387945006467,41.291107248256544,59.74250507887499,84.68316338753078,21.010512455800406,30.014525450816226,42.592036268542174,28.97928799074919,42.001957146857784,59.90953534338413,37.143557105380985,53.795392432068766,76.93933937819891,38.455104516476204,55.75886131597234,78.69682230900528,178.76729843795476,266.79916387461014,378.74877413052593,26.98506733619207,38.65001905178802,56.34388223555463,44.49200903253892,64.56124131272595,93.41129210335404,22.38580432478024,32.568029002036944,46.981153811425905,31.141870407244067,45.379297224325796,65.27520189366092,40.044569785295174,58.318700599801524,83.73970902449992,73.52083901446326,108.17790477152005,154.78343003533638,37.32819005777026,54.596123562214615,77.95525685798764,51.88384395301833,76.04532114199137,108.847308500121,66.55148177113968,97.13007762597817,139.77173840457965
2034 to 2044,Male,SES2,366107.8119845042,367124.5506959768,368083.4336364361,0.9759464198846138,1.9953597566323276,3.6529984224575864,0.0,0.0,0.0,9.872383193594215,14.51380887684109,20.79720039978338,15.861883207562737,22.78787836296565,33.003088350164184,7.941697204948235,11.456366299112895,16.56537585307387,11.066378456944447,15.996184824428559,23.061779595988405,14.1772674549828,20.516634943045048,29.756361767426686,32.46314451982936,47.27933355630476,67.30937107122038,16.51379993642846,23.77108972482663,33.83182704341754,22.88585769106993,33.3234698304294,47.24275951649719,29.28005159850606,42.64919266866382,60.985470207878436,30.476681303641463,44.19618198723582,62.91746735517619,141.24139614162277,209.65431278631348,298.215986530323,21.317292543413284,30.462066442025396,44.60279775525446,34.99455505798678,50.968593752898684,73.94032836516482,17.56865897878439,25.751653092200765,37.08172389719355,24.545450804419126,35.87737220757117,51.730420575358124,31.476489861504678,46.02229550351666,66.37396155853871,57.912806774487954,85.36509337471982,121.99111423402502,29.365299833728933,43.13649903109472,61.797633420953595,40.989361533482956,60.06327433601334,86.20920996565553,52.50908349731933,76.7384102835893,110.03229515396774
2034 to 2044,Male,SES3,387437.1833446165,388315.9973462964,389144.18862669484,0.8739389227009392,1.7853841150459648,3.3146740679421334,0.0,0.0,0.0,8.994305631237472,13.27340368427692,18.93537798869518,14.532533414155846,20.998276184432235,30.281885381268935,7.268728921294621,10.546431088581315,15.176111891763666,10.103407286240135,14.677870359397868,21.26791862488988,13.032248617856482,18.87339606436529,27.423444553949004,29.965976346916964,43.785159541823795,62.088722691306344,15.244041972195886,21.972586777593346,31.19544589450792,21.175874135779893,30.764634421985008,43.670407135748405,27.08629661782178,39.44673585100505,56.358452912486285,28.15048193204444,41.05303852042986,58.42196443122273,129.6709929104414,191.96034652004903,273.4012181282028,19.41158200341938,27.972714311710178,40.76854828848748,32.09937322702874,46.99367168689646,67.8078450486981,16.16492065970077,23.65937966392253,34.44046447756093,22.4578149109351,33.04614531349573,47.364937629271374,29.033049493863874,42.3422455543607,61.198698162819824,53.500284323505326,78.48987475418528,111.62556939711212,26.96238166090484,39.580762590839676,56.93201943729666,37.57711249250095,55.1369252120383,79.47603232703206,48.59304076148418,70.82867605091883,101.8088168716177
2034 to 2044,Male,SES4,409075.4221933133,409828.3854641444,410537.5282396719,0.7486816894028295,1.5386176217233087,2.851223347086746,0.0,0.0,0.0,7.839611818684909,11.59341576406386,16.560532338907674,12.6622787773609,18.393464991132383,26.585351324552892,6.319468591469313,9.23750146994158,13.372667876713091,8.808065397879068,12.873913316404384,18.658918723166323,11.432773592617337,16.549642450976677,24.09990922268871,26.251172900165354,38.43186779079261,54.66818402111104,13.362421784585724,19.28131184070785,27.536395159721938,18.498656183975587,26.96698468523848,38.26402255589022,23.63075181317247,34.62194664119693,49.81517628430422,24.717974904092312,36.17282405000836,51.52424981376949,113.03788081603672,167.94476106035177,240.1107320172398,16.885308613460616,24.44779385228227,35.546059360191975,28.03798310113844,41.23667604454742,59.33853429728102,14.107909305240932,20.718462045598812,30.17014484027217,19.63306418392589,28.92175907796824,41.59064102961042,25.291617869558113,37.10172350128415,53.69804453404908,46.47060006805452,68.77954541629694,97.737789191911,23.582167124184746,34.705565536538145,49.9609376536659,32.78150465201233,48.35264345310563,69.82839068484013,42.064536534022515,62.030109826361524,88.92238718886566
2034 to 2044,Male,SES5,398492.4854760442,399082.0805498279,399637.0903076769,0.5862242053353075,1.2087646955885867,2.217981575667786,0.0,0.0,0.0,6.087406831667849,9.082684110848163,13.013889915746,9.862053379831083,14.472580989300667,21.024034740446897,4.967230786341089,7.25598017723858,10.571115306753596,6.879832476718879,10.113520410415472,14.706333899121818,8.94692137260898,13.01702465418876,19.11672085427941,20.59606146852261,30.25497810784693,43.40679976440046,10.391318226663147,15.172656787867355,21.750474531112324,14.405754807523984,21.245986920977593,30.255601218967914,18.42597456342219,27.257756956434026,39.07813479078504,19.224366146887398,28.309351154524343,40.772082158274856,88.83597725753908,131.9314892721906,189.42153358984768,13.23118006301115,19.199282313892375,27.9254598533572,22.009557428523216,32.47823166586005,47.410549206870634,11.059783262022188,16.351720497897283,23.759530393752463,15.3643867922051,22.82223070780503,32.95226096512232,19.856599124564596,29.264186628511133,42.171862082180894,36.72748886621271,53.885478424262715,77.67210435938095,18.490412581901037,27.265554207921088,39.583429625355414,25.742332674431655,38.05559318322807,55.36312842206733,32.96831377700401,48.79993873749548,70.83756711675892
All,All,All,14414008.899404114,14439194.986759733,14462934.320126219,12.683386138951294,25.880626576026035,47.40843253485296,0.0,0.0,0.0,265.26920931589683,386.4154783839348,544.6353660895111,396.6497689959474,572.5628863129873,819.0334609069404,198.70771161456307,287.71073506724974,411.40619110474057,274.203593583786,402.74362242346615,570.2592625377165,355.557917540474,515.7447552691044,739.0798734828777,820.3435193310524,1175.3695425334613,1677.023200297506,413.93560013394074,589.6890090789292,835.8140028716444,578.2882736316132,825.2870511622192,1171.886118313098,741.7879822429999,1057.3122328830104,1512.3712472375616,963.2174471575624,1402.255991139249,2005.7257348379756,3675.99666782912,5392.196990984069,7562.064328085898,548.28663470066,792.5330537856796,1147.344589770805,861.9558901831813,1247.9007557016525,1797.231854101719,433.0844933066971,627.1037314724181,902.0722531005923,604.2864263688209,875.1197745187999,1250.4839652943713,778.2024106267693,1120.382408366515,1607.957791193412,1473.6660864873825,2167.4458856719148,3046.4143505405827,750.2793981868977,1093.0928342757234,1542.7568706400914,1053.5197813762627,1527.5560782838365,2152.386614070431,1349.8276079568154,1948.2762079781646,2749.7790335796058
All,All,SES1,2754151.1484150602,2761217.5614568926,2767886.163082618,3.723156170866373,7.546531559376698,13.810587454247171,0.0,0.0,0.0,79.48819541596382,116.17700108016078,164.208787615063,118.47946424628553,170.6989174572484,243.23396412516024,59.5699111629627,85.68576016544517,122.01755406074788,82.02849659135445,119.74244712898856,170.1286727289734,106.60772120513847,153.56366839510196,220.36030869408478,244.83699398076118,348.7545792187476,497.241243209736,122.77323296864779,175.24742332856619,248.35747275758743,172.13855820759093,245.430048109266,348.4008924205768,220.77513834284588,314.75842070715237,447.4049564937363,293.5370561663131,422.8355837569844,604.5521239671854,1104.0664349510837,1627.6741456950153,2282.648318545282,164.42531478941936,237.384807718045,346.2557811727206,257.3223298612002,369.99023090298783,532.3964931467195,129.65688935276677,186.25478874998322,267.396986469155,181.3180873993512,260.14777237671103,370.36034250832614,232.38644344667213,332.72292189178484,474.01480678708407,440.91132638748707,645.3773932803965,904.5258232253691,223.44446120461876,325.696612211118,458.7083308934625,313.04989291315025,454.1645009219544,638.5035465120303,402.49347706233357,579.8193377007756,816.0495891490143
All,All,SES2,2767045.987119802,2772803.2786688553,2778231.658699209,2.7953912712197835,5.685810935110263,10.394458103421657,0.0,0.0,0.0,58.78525331701663,85.5829792110143,120.23520114150219,87.95595300202929,126.57880559214419,180.94711528283182,44.040539104279695,63.60548982295748,90.58831996744706,60.811503071602594,88.91251303777754,126.1011459434571,78.94182375485273,113.91084168155018,162.8672189401853,181.17965986608962,259.3105472230801,369.16902991410274,91.16973933950104,130.2593880731386,184.7079667790131,127.59860852497484,182.00337646714138,259.00724297008964,163.98602097509055,233.46105315629842,332.7074271127308,213.94206778673225,310.84325645366914,442.3240226080462,817.9213373003035,1202.8766616037192,1681.530248099432,121.43490772955136,175.34182162908994,255.788159783317,190.3005658768529,275.08584428069736,395.5524820268718,95.47914870632385,138.37439737970917,198.91919722992859,133.85771771442265,193.6075271974219,275.52584378336275,172.01060847856695,247.5238141837172,353.93963554354247,326.48843592090446,478.7103271054808,672.2497733299731,166.48055495741158,241.83560443219864,340.23241008110404,232.62940546638416,337.21464665787175,472.96951395384934,298.2469846483926,430.82248520405835,607.4279212198921
All,All,SES3,2912902.4335676986,2917821.1628913833,2922455.5821076287,2.4623096767414117,5.070125578832899,9.252592059886714,0.0,0.0,0.0,51.52253135226827,75.3398618994853,106.78859714075404,77.30894913289501,111.92799374642786,159.69134175915553,38.85994780458205,56.096983132550626,80.34605742769726,53.684184992609474,78.64728612003418,112.04703540531757,69.11793062060191,100.73122216624697,144.3390533807245,160.38522858625308,229.51466707680052,327.27213020598487,81.06494470985679,115.22397428155296,163.9535938927254,112.8696194490272,161.26032612152892,229.2638745500492,145.0698398247721,206.5534541985893,298.1800476396237,187.7115058292615,273.421795254758,391.24258145902604,716.2995499116914,1054.830121956721,1480.5743187877224,106.69589038574746,154.41064048359925,222.77991777586539,168.23419832735703,243.81932240976676,348.1988978916523,84.34370855755085,122.64762260407753,177.05142709619605,118.7466693593149,171.33893132443689,243.8049248733645,152.3057707489012,219.19232951367903,314.32051997465373,288.17237624885996,423.94981228342954,595.484218173859,146.14133224655765,213.15351810915104,301.68811305760477,205.02227689561843,298.052108744875,421.1190922212849,262.71992521122485,379.92020355647173,538.7571642209754
All,All,SES4,3044303.066116271,3048466.342505163,3052386.7094678623,2.081978468407201,4.262590222093541,7.793103846621379,0.0,0.0,0.0,42.95691752859785,62.76613987327908,89.14700514948564,64.99336627256332,93.91210468756934,133.9161336342786,32.522608178167744,47.12635427889839,67.91638142894557,45.081125587723214,65.98313128677793,93.8180329955277,58.191885256994645,84.45845930334724,121.25355216885701,134.42620354350174,193.37853684829804,276.1267579388495,67.83634461903503,96.9119185990793,137.90091361725248,94.77504838083084,135.64441994349983,192.216714821303,121.68841555261633,173.9370204265798,248.78399482666933,157.09805056009844,228.39520756076328,326.2613435458759,592.9951685896218,870.5056752862091,1226.286978081706,89.01688949547585,129.3532576707293,186.78187086802552,141.3857342840558,204.7874240474231,293.97563464665836,70.88354949381856,103.10221397816122,148.58196266334912,99.50780979079535,144.10352148963648,205.15796511304524,127.80814675555939,184.30147557229242,263.62086948591144,241.67818274901154,355.2054330786997,500.2787386551926,122.41485618873494,178.587076946838,253.85398674522452,171.80039737185828,250.39109448669444,353.7586955733478,219.84611022853503,319.2612872613406,453.66286270937087
All,All,SES5,2935606.264185282,2938886.6412374387,2941974.2067689016,1.6075990426516038,3.275475851950163,6.024072617127284,0.0,0.0,0.0,31.871609294976448,46.4297570580686,65.98135094900113,48.13767288439622,69.83646811581096,100.47223212033263,24.256849068688,35.091500828808535,50.529259106787954,33.553348904534225,48.91167047450265,70.0792558364255,43.109201137129375,62.887834051513806,90.76542946120544,99.07444274315213,143.8438678219611,204.30742437022752,50.275749372330154,72.06411286745991,101.81130935062377,69.92127621789687,100.953459190412,143.52594979529437,89.90633415989153,129.41995199431165,184.73856479118234,114.13764378452173,167.4813929871509,242.65867093869218,435.23877585772556,633.8199069938823,889.3408055595047,65.90636112464311,95.60131077127275,138.51972559041465,105.76457349975722,152.65368085258197,219.75780295275175,52.427166747581076,77.00335054119927,110.40354255320672,73.79985527992949,107.32652250619054,152.57719419873334,94.86351662304358,137.58150487380453,196.80271791482073,179.26984608659166,263.5536352135938,372.38764946438533,90.37699813932655,132.81730543390984,189.01486726679948,126.65794348724785,186.0154278229498,263.2237295630017,161.33966727534673,237.5749913335618,338.35925720579
All,Female,All,5698519.079732943,5705560.839228891,5712191.073550467,3.9871187815247686,8.032220752433368,14.701044921884364,0.0,0.0,0.0,80.82347486898254,117.09783347688213,164.46592152795603,112.21258241075897,161.64980079179617,232.45358102592644,55.68853420196991,81.19187328127492,116.10366816526411,77.6347755703489,113.02322221981363,161.8454114385823,100.54047682417342,145.70988504590235,208.74099113463066,222.45175481523054,318.65939411186844,456.61643689950915,110.79081061739339,160.3711446103626,229.251545557024,156.10305473104634,223.8377881999196,322.58515332381677,200.81061371423706,287.7405630123309,410.92314377073916,295.14969345357974,421.5993271162648,608.9327143393144,1106.080314077236,1608.77918069207,2252.397504587102,165.8785467946481,240.34026090695386,346.66532934473355,233.8690855285275,338.62024259439636,490.780153893504,117.11635100892053,170.31235920481978,246.45723779099663,163.62591657646377,237.6452606773241,340.17237982060203,209.39449053125256,304.54846104368227,436.3625039565062,432.72783835755854,629.7379047593125,884.255893729472,218.0533305982258,317.3040446910065,446.1998638687278,302.4139014633195,442.60066248354553,622.9845561898585,390.4273204364225,568.0579595849713,798.4747297929465
All,Female,SES1,1108187.7626204349,1110146.0010566444,1111991.175251368,1.234737957699158,2.4957377132660246,4.6077242708539545,0.0,0.0,0.0,25.93312814428765,37.646088157185574,52.96995839085273,36.08753756423395,51.64335918086059,74.42114795006066,17.878288844714984,25.95746101288495,37.16134689033824,24.986862360979806,36.190782673401856,51.99784489443539,32.31329498974748,46.56664596043001,67.17789971203985,71.25277460324476,101.99374766226418,146.12118468311337,35.43000273813369,51.216836963592144,72.67135535053283,49.81308260818,71.46921799049028,102.90449127307235,64.15140119888972,91.72553331955419,131.3810346305128,95.02514195675401,136.08527471988057,196.69922919613654,366.45771879389076,535.2300992632545,758.6615116438162,53.315448682440994,77.14544217991961,111.53949722221024,74.92151811696493,108.25235065227378,156.357395690209,37.50608982188896,54.44488826450035,78.44036113576286,52.50795875078882,75.92815869142395,108.58178647846132,67.36350317508965,97.33377710536664,139.40803538293142,138.67839664412335,200.58995860202737,281.98960060065554,69.45036797921533,101.0256192275445,142.57335503651967,96.43590968113939,140.95289900110515,198.96191012637397,125.33273445552865,181.17121254587,254.48359612379352
All,Female,SES2,1103461.3813228514,1105063.2617811747,1106571.8473210325,0.8712706901393409,1.7621007354455545,3.2228639118533007,0.0,0.0,0.0,17.910332080268834,25.990483071076596,36.37209268832555,24.842548090290933,35.79284036626305,51.33393704954328,12.33464831224053,17.9794734903168,25.65766689876897,17.183798862715147,25.00518086254469,35.815391950801676,22.269179001309546,32.292973439657985,46.12721159350104,49.23707041141795,70.51317553445656,100.90467705179512,24.545500646955837,35.47321171514461,50.71752681689299,34.68634061419996,49.510409065321895,71.08454171028748,44.52439276836695,63.62183233635843,90.8731520367165,65.37104508162099,93.43507822903274,134.81090661703274,253.38036368016944,366.9659811852717,518.6070884618089,36.774738014701335,53.30999102400229,76.64849004883011,51.746477252418025,75.09227408314925,108.17146875500472,25.86812161895793,37.69284202292317,54.521930607025304,36.32817624340118,52.61914512103489,75.15184088469145,46.44439481660888,67.3819551191128,95.97481093247544,95.6984938559812,139.3984337328224,195.44477079079326,48.29110514531404,70.25223057661654,98.49050445578597,66.98252743336369,98.12320927324657,137.44495729317165,86.27678762768807,125.68953823086207,176.15941641678813
All,Female,SES3,1156577.8483086885,1157961.4529332297,1159263.9077023438,0.7764684414759966,1.5751367484250327,2.8847298176884943,0.0,0.0,0.0,15.782228168457044,22.903045739769787,32.23232417908846,21.834196625954668,31.63646333251294,45.69566738379,10.834981523925498,15.898179910768782,22.8278642265703,15.095039488535729,22.06427570848676,31.828322785054436,19.605612299600967,28.509108262884865,41.195737506711524,43.55567239094264,62.60858292235949,90.27094602423617,21.64297422178946,31.415595780201876,45.35016270391285,30.500620274588893,43.88832796734917,63.76762738163757,39.26792514238082,56.39826030845844,81.16427195746597,57.52821731078409,82.65425960759453,119.79619911715332,218.92244803231975,317.3443315557497,447.09258021189004,32.45467115122183,47.06082329652159,67.9391341930598,45.68020030625584,66.26082005942911,96.32460040260361,22.875295039155713,33.36206906661681,48.49020540942134,32.027522858554946,46.62905708447683,67.30993013938325,40.7391087789737,59.80289987508475,86.41114285410276,85.02729012753096,123.30520376338563,174.2260337002482,42.55456164546292,62.13253089041294,87.75973773090948,59.33648751310186,86.8945520725243,122.68530635820866,76.18156921793816,111.35882781413741,157.2266708138314
All,Female,SES4,1203432.9875826344,1204618.0624781386,1205733.2298946164,0.629197301733864,1.2667960036346257,2.318614704508901,0.0,0.0,0.0,12.523286910267396,18.20041005659359,25.53899323853273,17.46133854896946,25.232471679277474,36.358863277801305,8.681442797598416,12.677830115750572,18.144388973149198,12.012293450778706,17.642440115071782,25.351770408315236,15.490201264470546,22.779521719932774,32.72349075795561,34.65547346896818,49.93937918253958,71.9948309225836,17.275070074640926,25.084957680801292,35.87664034457137,24.418851950050755,34.98965254991364,50.476606215844576,31.331880931784838,45.02299348237352,64.44484728880114,45.512459896066176,65.71134488851791,95.11733253715362,162.44629580842343,240.03051668773003,340.011688075888,25.914894794314886,37.46421503529652,53.89797014237599,36.502928514162534,52.893027317472786,76.3120837392406,18.2469619072656,26.608681968362298,38.5646133985135,25.68101866237098,37.15386181229465,53.21592513366939,32.49569836137925,47.780537720747986,68.45517439388114,67.76577689906863,98.68076314119428,138.8114480039865,33.91248516663335,49.67182361836904,70.08049317385913,47.349683155191514,69.29456893382621,97.44793533285205,61.02457771322424,89.04718515974815,124.91569087824098
All,Female,SES5,1126859.0998983348,1127772.0609797032,1128630.913381107,0.45921598544856096,0.9160824185047921,1.678718729088193,0.0,0.0,0.0,8.571376369226787,12.45024473205817,17.534248115447337,11.926248650904261,17.309020220460795,24.764619605896367,6.002762402075623,8.677462501705634,12.410712379688741,8.180592802489292,12.10176666754549,17.242169203366018,10.568698024286343,15.592739907547845,22.334388986609643,23.497944296701306,34.023809324838055,48.76847258591967,11.744531755463042,17.10360195255273,24.319153129957318,16.538920033026013,23.82574394311624,34.029478838659635,21.192085927093917,30.637307476375035,43.73289273136534,30.654581347438793,44.088818976820775,64.1003364654434,96.49277966750432,150.2714217217973,218.75666993657202,17.621700296672582,25.54046831587008,36.636963231862154,24.982879491072932,36.25211776762783,51.93721583028424,12.493008451687432,18.203698987048305,26.313789599539152,17.511686340681845,25.51751026678739,36.459908417238914,22.25351190243314,32.686138890860946,46.88751493031245,46.51851564813736,67.62928020847039,95.08019209877278,23.301512298487456,34.07120007780891,47.917524326716425,32.497251442124195,47.5775077745369,66.87083644595764,41.79558508750566,61.07409779453273,85.9948602050664
All,Male,All,8715489.819671169,8733634.147530843,8750743.24657575,8.748987826703038,17.881783100824087,32.766317520209235,0.0,0.0,0.0,182.12169761077652,269.1298746508886,384.93216725810623,284.04684504768204,410.34828147882934,594.2861270763807,142.22580050867245,206.02980040038926,298.6380499684948,197.50644052083567,287.8009452432136,413.16443381590796,254.49142741273118,368.65284724608193,537.6707954284286,584.5410411913607,859.8720939656587,1224.175024189761,297.53101120658135,430.2544982876625,617.4129563056753,412.54700742672094,601.4383927808125,867.5737814893433,531.4178751679374,771.2782437606909,1109.3742037655536,663.9872948724271,979.5172529449198,1403.7454140707084,2527.806500389785,3764.8023912454623,5343.0229922967355,380.7919669769956,552.7334570378224,807.6545537611275,617.4849074035668,905.3104057610046,1312.8828116298491,312.8592785343924,457.18273716030944,666.3513271822962,432.8030193874838,637.6644508320123,921.44814993816,560.7290299273825,818.7263749612457,1180.2017998440754,1035.5248605937843,1535.364156805116,2184.122244590302,524.3152647394384,774.8471385732731,1107.6054708166505,733.1691151497732,1078.8823480317283,1542.8694009452051,939.2016030311589,1379.6806933600697,1973.999470688373
All,Male,SES1,1645963.3857946256,1651071.5604002485,1655894.9878312496,2.479251491423183,5.060105385864253,9.34977247354386,0.0,0.0,0.0,53.30309298718484,78.34272416695632,112.44457837666727,82.24044414554476,118.61878660538804,171.31448086439374,41.312108512505425,59.61270001650148,86.74261548779462,57.13217737667522,83.38417092110285,120.09288348164402,74.02984881940634,106.7144585037965,154.9172037167023,169.03306614006416,247.82082794292486,353.04782891526537,85.82373943648194,124.21549118941513,177.35023353081206,119.0941321363008,173.6057976117735,251.2285269805641,153.92930144493715,222.5164601982913,317.80309836802525,195.54527624618538,286.8342535278163,410.95763536258363,730.8583237237838,1090.5975587090625,1541.9995447851074,110.9905269484037,161.0203057126235,234.5764310597136,179.36529639748827,261.4772712546085,378.57304705853875,90.27894970376438,131.8434636255165,190.94710061556654,125.71973176859966,184.41588113987243,265.6905758441319,161.78311546612463,235.945734933907,337.87244162372895,300.1134400310425,443.4973053626396,631.5413903535606,152.23894748967686,223.78931560735495,319.9638696302971,213.10742455575254,312.2401218333578,444.8523159860616,272.3453854412349,399.0622783597656,570.6247074656544
All,Male,SES2,1663584.6057969506,1667740.0168876806,1671659.8113781759,1.9328504091207963,3.9473994017582346,7.184760796397429,0.0,0.0,0.0,40.43987624160002,59.63264602936595,85.27296629504512,62.79200147144076,90.4888491891466,130.98450977789133,31.42547369305954,45.45650023761013,66.21963222417403,43.69119380398268,63.53673155812211,91.27122085744995,56.20742722545374,81.56489344369967,118.2461139576461,128.6741892865576,189.4338616226491,268.99665877805415,65.62955025528865,94.87751330624482,135.7526109895102,90.88942343751192,132.5798014714722,191.1023579151933,117.06185055852777,169.99647479872888,244.23004801910378,147.2610968815148,216.67444896417382,310.729878373172,559.1685738012582,832.7962267493654,1180.4342845718072,84.41190500977851,122.2365855471666,177.51874438355614,136.3782127151295,199.67378942169387,289.5378670940082,68.94169788987493,100.8526300643714,146.76783685632398,95.79087940343635,140.7404036486552,203.67077757054903,123.22730638225492,180.5837654465651,259.4663500246709,229.1381912409568,338.26358731860694,482.0832435755863,115.62049518522517,170.9519323714792,244.51364931815263,162.0843750875623,237.8207502531555,339.2287003155622,208.19228771596437,304.4657465414993,435.0730550387171
All,Male,SES3,1756324.5852590094,1759859.7099581538,1763191.6744052845,1.7092534565333177,3.5086630486105728,6.448903728232833,0.0,0.0,0.0,35.540110200409586,52.37428857774661,74.78972773937139,55.002995568893894,80.0522930121885,116.34343889603458,27.589207058405226,40.22363566061694,58.24509392492104,38.428667968490466,56.12057149052217,80.54556428402041,49.47824690527289,72.09495471893858,105.12884481045168,113.96319135846625,167.42460141121126,240.4035059545725,58.233782003726596,84.07299228777649,120.35065111509816,80.71036740796684,117.53617972074915,169.67013477526046,104.12161183886462,150.688978818281,217.16371357760215,128.6570991605418,191.06158005843702,273.3898996800698,495.20502959847147,735.590211279048,1047.7427896026613,74.01670759272564,107.79416906875156,157.5127583017372,120.67178752757492,177.04951197894508,257.0454101093307,61.02411807334377,89.0022786963734,129.93295285116017,84.75936009752749,124.57548312683235,179.20208640527798,109.51143501081755,159.77089413081455,231.206765276116,201.16197081983026,299.58857625384826,425.146942803071,101.6375361134112,151.41020674508854,215.8554877250602,143.47824163027744,210.66326155895032,301.2413743127511,183.0003919782051,269.4820552351165,385.08192965571783
All,Male,SES4,1840870.078533637,1843848.280027025,1846653.4795732466,1.46552428627166,3.008445221735621,5.53245902675422,0.0,0.0,0.0,30.058752666944414,44.5740759166316,64.27792522367363,47.05078807367134,68.47688153994199,99.63241364279281,23.57482343857626,34.39221957431937,49.96759431892206,32.762883850686805,48.06585078399591,69.11065717006096,42.2830639988255,61.75676540038499,89.58072868212942,97.6393332209136,143.53140816379403,205.78270324670825,49.74440876146286,71.95721655031508,103.49098974329819,68.87887397380594,100.83049818446864,144.9223913040836,88.79591419522733,129.21723673065932,185.77192793462655,109.9331254611958,162.96655529765994,233.64510642600433,423.46800917887305,628.466732335638,897.0830002024163,63.417074457398186,91.93877536392259,134.16742326549573,103.17730339664897,151.6618527147727,219.8572042916716,52.03568711459524,76.37226319238863,111.6996738401888,72.35184889880487,106.7870617105655,153.412629621187,93.76738162672625,136.94104877584095,197.55434890917843,171.91469342792868,256.3781846428118,364.7482008169536,87.0415937492894,129.36650556461507,184.95932720214492,122.1869514845633,179.97043825185474,258.51564205206057,156.0561292477296,230.57868844226314,330.9005839288013
All,Male,SES5,1808747.1642869473,1811114.5802577357,1813343.2933877942,1.1491880038479763,2.358299333006137,4.339259945563952,0.0,0.0,0.0,22.920863394105123,34.04963142438784,49.18277501463501,35.788619085555254,52.50326004074992,76.07909690626818,18.02919818601901,26.30227171553898,38.39342248949215,25.188173657152273,36.67417041758641,53.40723077313595,32.365139578191005,47.22990947027286,69.2556258959664,74.22461151621175,109.65633608856082,156.88954568273573,37.52897142726399,54.91380142711368,79.33825233466565,52.14519588243752,77.13584213583034,110.90070743344587,67.36516073686069,98.65911612703312,141.71612682147892,82.99690751167402,123.4855354488473,177.95833837051725,326.2638717800657,482.272671977125,691.9632571588576,48.278385835024544,69.98190659870312,102.1841426017867,78.67062785860867,116.38902284706117,169.76697640260397,39.61263181236711,58.55907132431385,85.85554118174537,54.918658047093324,81.79429370945877,118.35283210096891,71.22231639181165,104.99235878406677,151.77367631345663,131.61207949136653,195.50046390269347,280.5030617667203,66.05745487493593,98.6483259158675,143.08417644253785,92.77904936024042,137.79941306039703,199.4755351346368,119.19550503457313,176.7011499508906,254.4969428075068
